,City,Cloudiness,Country,Date,Humidity,Lat,Lng,Max Temp,Wind Speed
0,Hermanus,0,ZA,1563761688,54,-34.42,19.24,57.0,11.99
1,Jackville,40,CI,1563761690,94,5.21,-4.42,77.0,6.93
2,Vaini,75,IN,1563761546,94,15.34,74.49,71.6,6.93
3,Torbay,90,CA,1563761692,100,47.66,-52.73,52.0,17.22
4,Marquette,5,US,1563761716,71,46.54,-87.4,57.2,4.7
5,Mao,40,DO,1563761718,88,19.55,-71.08,82.4,4.7
6,Rikitea,32,PF,1563761550,76,-23.12,-134.97,68.15,19.42
7,Avarua,60,CK,1563761518,83,-21.21,-159.78,78.8,12.75
8,Kamenka,6,MD,1563761721,90,48.03,28.7,60.01,2.71
9,Puerto Ayora,32,EC,1563761646,93,-0.74,-90.35,70.0,3.0
10,Portland,90,US,1563761604,65,43.66,-70.25,80.01,4.7
11,Ketchikan,20,US,1563761725,52,55.34,-131.65,68.0,13.87
12,Tiksi,5,RU,1563761727,71,71.64,128.87,39.89,10.27
13,Pevek,100,RU,1563761728,95,69.7,170.27,33.59,21.54
14,Hay River,40,CA,1563761729,27,60.82,-115.79,86.0,8.05
15,Punta Arenas,75,CL,1563761521,83,-53.16,-70.91,35.6,14.99
16,Mataura,65,NZ,1563761572,97,-46.19,168.86,50.0,5.01
17,Barrow,100,AR,1563761736,42,-38.31,-60.23,46.55,7.83
18,Abu Samrah,0,SY,1563761738,59,35.3,37.18,70.67,8.95
19,Kardla,0,EE,1563761742,87,58.44,26.57,60.01,2.24
20,Petropavlovsk-Kamchatskiy,20,RU,1563761600,56,53.05,158.65,71.6,2.24
21,Bodhan,0,IN,1563761744,74,18.65,77.89,82.19,7.99
22,Atuona,48,PF,1563761373,78,-9.8,-139.03,80.03,12.41
23,Maniitsoq,100,GL,1563761747,93,65.42,-52.9,44.39,8.28
24,Marzuq,100,YE,1563761748,38,14.4,46.47,77.15,6.33
25,Bambous Virieux,20,MU,1563761749,88,-20.34,57.76,68.0,5.82
26,Palmer,0,AU,1563761554,44,-34.85,139.16,62.01,21.92
27,Katsuura,75,JP,1563761752,94,33.93,134.5,87.01,10.29
28,Nuuk,100,GL,1563761756,93,64.17,-51.74,44.01,2.24
29,Jamestown,0,AU,1563761757,42,-33.21,138.6,59.15,25.52
30,Busselton,100,AU,1563761549,51,-33.64,115.35,59.0,17.13
31,Port Alfred,0,ZA,1563761643,35,-33.59,26.89,57.0,7.0
32,Rawson,0,AR,1563761764,68,-43.3,-65.11,38.99,10.18
33,New Norfolk,75,AU,1563761512,54,-42.78,147.06,62.01,21.92
34,Roald,42,NO,1563761766,93,62.58,6.12,53.01,3.36
35,Cap Malheureux,20,MU,1563761768,88,-19.98,57.61,68.0,5.82
36,Villanueva de la Serena,0,ES,1563761772,46,38.97,-5.8,69.77,4.16
37,Saint George,0,GR,1563761773,68,39.45,22.34,77.0,3.36
38,Ushuaia,40,AR,1563761673,74,-54.81,-68.31,35.6,10.29
39,Bredasdorp,0,ZA,1563761776,86,-34.53,20.04,37.4,6.93
40,Hilo,20,US,1563761547,54,19.71,-155.08,84.2,13.87
41,Tuktoyaktuk,90,CA,1563761558,76,69.44,-133.03,53.6,8.05
42,Taloqan,0,AF,1563761779,12,36.74,69.54,93.17,1.86
43,Koumac,0,NC,1563761781,53,-20.56,164.28,69.41,9.19
44,Visconde do Rio Branco,44,BR,1563761782,99,-21.01,-42.84,60.01,1.01
45,Isangel,75,VU,1563761783,53,-19.55,169.27,75.2,9.17
46,Jasper,40,US,1563761785,78,33.83,-87.28,80.01,2.91
47,Sorong,100,ID,1563761786,92,-0.86,131.25,77.87,7.76
48,Yeppoon,90,AU,1563761787,47,-23.13,150.74,75.2,5.82
49,Swakopmund,0,NA,1563761590,93,-22.68,14.53,60.8,4.7
50,Severo-Kurilsk,100,RU,1563761664,97,50.68,156.12,45.47,17.0
51,Orekhovo-Zuevo,20,RU,1563761791,93,55.81,38.98,55.4,2.33
52,Biograd na Moru,0,HR,1563761793,100,43.94,15.45,73.0,10.8
53,Qaanaaq,93,GL,1563761794,87,77.48,-69.36,38.63,5.55
54,bhola,40,PK,1563761795,84,32.66,73.89,86.0,7.72
55,Jinchang,0,CN,1563761509,32,38.52,102.19,70.49,12.08
56,Yushu,71,CN,1563761798,74,44.84,126.53,82.19,7.58
57,Simao,100,CN,1563761799,66,22.76,100.79,77.15,2.21
58,Bluff,26,AU,1563761657,52,-23.58,149.07,71.93,5.82
59,Vardo,1,US,1563761802,88,39.62,-77.74,78.01,3.36
60,Ribeira Grande,40,PT,1563761803,86,38.52,-28.7,74.63,28.97
61,Kassala,99,SD,1563761804,70,15.45,36.38,78.05,12.77
62,Marawi,100,PH,1563761805,80,8.0,124.29,82.99,7.0
63,East London,0,ZA,1563761807,19,-33.02,27.91,51.95,4.18
64,Lebu,98,ET,1563761705,88,8.96,38.73,54.29,0.27
65,Coihaique,0,CL,1563761809,69,-45.58,-72.07,35.6,3.24
66,Mahebourg,20,MU,1563761523,88,-20.41,57.7,68.0,5.82
67,Vostok,96,RU,1563761811,63,46.45,135.83,75.53,5.95
68,Alice Springs,0,AU,1563761813,27,-23.7,133.88,64.4,5.82
69,Ban Phaeo,20,TH,1563761814,70,13.59,100.11,91.99,3.36
70,Codrington,0,AU,1563761815,56,-28.95,153.24,69.8,1.97
71,Donghai,97,CN,1563761816,55,34.52,118.76,91.73,7.7
72,Curup,77,ID,1563761818,87,-3.47,102.53,74.27,0.87
73,Upernavik,97,GL,1563761819,94,72.79,-56.15,43.13,8.05
74,Thompson,75,CA,1563761637,38,55.74,-97.86,77.0,6.93
75,Hofn,100,IS,1563761821,97,64.25,-15.21,39.71,10.29
76,Touba,1,SN,1563761823,71,14.86,-15.88,78.59,15.32
77,Avera,1,US,1563761824,66,33.19,-82.53,88.0,5.01
78,Kayerkan,0,RU,1563761825,43,69.35,87.76,71.6,6.71
79,Tevriz,1,RU,1563761826,59,57.51,72.4,66.71,6.17
80,Lorengau,98,PG,1563761828,74,-2.02,147.27,83.45,5.88
81,Dingli,0,IN,1563761829,44,28.39,75.51,95.87,9.35
82,Souillac,0,FR,1563761830,72,45.6,-0.6,68.0,3.36
83,Maloy,34,ID,1563761831,62,1.0,118.1,86.87,3.8
84,Nikolaevo,0,BG,1563761833,100,42.63,25.79,64.4,3.36
85,Walvis Bay,0,NA,1563761834,93,-22.95,14.51,60.8,4.7
86,Nieves,75,MX,1563761835,49,24.0,-103.02,67.25,1.88
87,Hithadhoo,0,MV,1563761836,76,-0.6,73.08,83.09,13.96
88,Praia da Vitoria,75,PT,1563761838,83,38.73,-27.07,75.2,28.27
89,Kaitangata,73,NZ,1563761839,92,-46.28,169.85,53.01,1.21
90,Alofi,100,NU,1563761840,78,-19.06,-169.92,77.0,13.87
91,Hualmay,41,PE,1563761842,86,-11.1,-77.61,62.39,11.12
92,Necochea,100,AR,1563761843,94,-38.55,-58.74,44.01,6.8
93,Stillwater,1,US,1563761642,55,36.12,-97.06,93.2,4.7
94,Nara,75,JP,1563761672,83,34.68,135.8,84.99,16.11
95,Kapaa,1,US,1563761640,62,22.08,-159.32,86.0,16.11
96,Piterka,100,RU,1563761848,66,50.68,47.44,69.41,4.41
97,Ponta do Sol,32,BR,1563761849,81,-20.63,-46.0,56.63,7.52
98,Bethel,90,US,1563761522,100,60.79,-161.76,60.8,6.93
99,Narsaq,88,GL,1563761851,75,60.91,-46.05,46.4,3.36
100,Constitucion,90,MX,1563761853,48,23.99,-104.67,66.2,2.24
101,Nikolskoye,0,RU,1563761854,87,59.7,30.79,53.6,1.63
102,Bhatkal,100,IN,1563761855,88,13.97,74.57,78.95,12.12
103,Singuilucan,100,MX,1563761856,87,19.97,-98.52,56.81,6.49
104,Lasa,0,CY,1563761857,73,34.92,32.53,75.2,9.17
105,Erdenet,100,MN,1563761859,92,49.03,104.04,56.99,4.56
106,Mezen,14,RU,1563761860,77,65.85,44.24,49.97,8.21
107,Huarmey,26,PE,1563761862,89,-10.07,-78.15,62.57,11.25
108,Esperance,75,AU,1563761880,93,-33.86,121.89,50.0,24.16
109,Ambilobe,37,MG,1563761881,88,-13.19,49.05,70.67,4.72
110,Lompoc,40,US,1563761883,82,34.64,-120.46,68.0,11.41
111,Lagoa,0,PT,1563761884,64,37.14,-8.45,75.0,6.93
112,Yar-Sale,99,RU,1563761560,65,66.83,70.83,66.53,12.19
113,Arraial do Cabo,5,BR,1563761576,79,-22.97,-42.02,69.41,25.37
114,College,1,US,1563761579,38,64.86,-147.8,77.0,10.29
115,Hobart,75,AU,1563761763,54,-42.88,147.33,63.0,21.92
116,Alice,0,ZA,1563761890,16,-32.79,26.83,52.13,10.2
117,Albany,1,US,1563761423,57,42.65,-73.75,79.0,6.2
118,Tuatapere,94,NZ,1563761892,97,-46.13,167.69,50.0,5.01
119,Richards Bay,0,ZA,1563761893,66,-28.77,32.06,62.21,29.95
120,Flinders,0,AU,1563761661,34,-34.58,150.85,66.99,6.93
121,Grindavik,40,IS,1563761896,93,63.84,-22.43,57.0,5.82
122,Waipawa,0,NZ,1563761897,76,-39.94,176.59,53.01,3.15
123,Salalah,90,OM,1563761899,94,17.01,54.1,78.8,5.82
124,Yellowknife,75,CA,1563761353,53,62.45,-114.38,73.4,11.41
125,Rio Cuarto,75,AR,1563761712,43,-33.13,-64.35,51.8,5.82
126,Shenjiamen,94,CN,1563761903,84,29.96,122.3,80.93,23.17
127,Kokopo,100,PG,1563761904,78,-4.34,152.27,81.65,1.34
128,Tignere,100,CM,1563761905,93,7.37,12.65,67.07,1.21
129,Airai,6,TL,1563761907,42,-8.93,125.41,81.83,4.41
130,Bilibino,100,RU,1563761911,56,68.06,166.44,45.83,16.31
131,Pangnirtung,99,CA,1563761913,86,66.15,-65.72,44.21,3.67
132,Kodiak,90,US,1563761914,94,39.95,-94.76,72.0,13.87
133,Viedma,0,AR,1563761915,67,-40.81,-62.99,45.65,9.24
134,Kargopol,0,RU,1563761917,86,61.51,38.95,52.85,3.27
135,Castro,75,CL,1563761918,86,-42.48,-73.76,39.2,4.7
136,Kuytun,100,RU,1563761919,63,54.34,101.51,70.13,1.23
137,Chapleau,20,CA,1563761921,51,47.85,-83.4,62.6,4.7
138,Piacabucu,2,BR,1563761925,85,-10.41,-36.43,73.01,13.69
139,Cape Town,0,ZA,1563761233,58,-33.93,18.42,54.0,5.82
140,Tarbagatay,40,RU,1563761928,73,51.48,107.36,69.8,6.71
141,Lieksa,100,FI,1563761929,71,63.32,30.02,59.15,1.79
142,Tasiilaq,0,GL,1563761930,66,65.61,-37.64,48.2,3.36
143,Kloulklubed,75,PW,1563761931,74,7.04,134.26,86.0,10.29
144,Dikson,100,RU,1563761933,98,73.51,80.55,35.57,14.0
145,Gazanjyk,0,TM,1563761934,16,39.24,55.52,92.09,21.09
146,Bathsheba,40,BB,1563761935,78,13.22,-59.52,80.6,14.99
147,Hovd,75,NO,1563761936,87,63.83,10.7,55.99,10.29
148,Chaplynka,21,UA,1563761938,46,46.36,33.54,71.03,3.15
149,Smoky Lake,88,CA,1563761939,69,54.11,-112.47,73.0,4.45
150,Carnarvon,0,ZA,1563761679,36,-30.97,22.13,42.59,13.8
151,Eenhana,0,NA,1563761942,16,-17.48,16.34,57.2,4.7
152,Kerchevskiy,59,RU,1563761947,86,59.95,56.29,61.31,3.98
153,Victoria,75,BN,1563761900,88,5.28,115.24,84.2,4.7
154,Fortuna,1,US,1563761949,77,40.6,-124.16,63.0,12.75
155,Kangaatsiaq,0,GL,1563761950,91,68.31,-53.46,43.67,8.39
156,Thurso,40,CA,1563761952,64,45.6,-75.25,71.6,3.36
157,Manacapuru,0,BR,1563761953,69,-3.3,-60.62,80.6,9.17
158,Prieska,0,ZA,1563761954,26,-29.67,22.74,49.97,17.54
159,Guaraniacu,24,BR,1563761955,78,-25.1,-52.88,63.29,12.39
160,Kalmunai,100,LK,1563761956,79,7.42,81.82,78.41,3.71
161,Launceston,90,AU,1563761958,81,-41.43,147.14,57.0,18.34
162,Luau,0,CD,1563761959,38,-10.7,22.23,54.29,2.53
163,Norman Wells,75,CA,1563761655,63,65.28,-126.83,66.2,4.7
164,Charters Towers,47,AU,1563761961,54,-20.07,146.27,74.09,10.18
165,Black River,20,JM,1563761966,83,18.03,-77.85,82.4,8.05
166,Brownwood,1,US,1563761967,33,31.71,-98.99,89.6,5.82
167,Chuy,100,UY,1563761676,89,-33.69,-53.46,65.27,13.94
168,Bandarbeyla,100,SO,1563761969,48,9.49,50.81,78.41,28.43
169,Ixtapa,75,MX,1563761974,100,20.71,-105.21,77.0,6.93
170,Namibe,32,AO,1563761975,83,-15.19,12.15,66.89,12.5
171,Rocha,100,UY,1563761976,86,-34.48,-54.34,67.43,16.15
172,Hamilton,40,CA,1563761451,53,43.26,-79.87,78.8,8.05
173,Hambantota,90,LK,1563761979,100,6.12,81.12,77.0,4.7
174,Mocuba,22,MZ,1563761980,98,-16.84,36.99,56.81,3.71
175,Tocopilla,84,CL,1563761981,83,-22.09,-70.2,57.89,7.36
176,Banepa,75,NP,1563761983,94,27.63,85.52,71.6,2.24
177,Nsawam,75,GH,1563761984,94,5.81,-0.35,77.0,11.41
178,Chapais,20,CA,1563761986,62,49.78,-74.86,55.4,4.7
179,Bakchar,33,RU,1563761987,63,57.02,82.07,60.59,5.77
180,Borba,88,BR,1563761988,65,-4.39,-59.59,79.31,2.93
181,Mar del Plata,0,AR,1563761990,71,-46.43,-67.52,33.59,12.08
182,Laguna,75,BZ,1563761994,88,16.17,-88.94,80.6,3.47
183,Pisco,90,PE,1563761996,77,-13.71,-76.2,62.6,9.17
184,Deming,1,US,1563761909,13,32.27,-107.76,96.8,10.29
185,San Jeronimo,10,PE,1563761998,96,-13.65,-73.37,44.39,0.56
186,Moose Factory,90,CA,1563761858,67,51.26,-80.61,60.8,5.82
187,Verkhovazhye,58,RU,1563761947,84,60.75,42.05,53.39,6.6
188,Hearst,96,CA,1563762002,51,49.69,-83.67,59.69,4.99
189,Saskylakh,9,RU,1563762003,38,71.97,114.09,74.99,12.71
190,Kirakira,100,SB,1563762004,76,-10.46,161.92,82.55,12.57
191,Faanui,0,PF,1563762006,80,-16.48,-151.75,78.59,19.53
192,Kristinehamn,20,SE,1563762007,100,59.31,14.11,61.0,4.7
193,Ahipara,65,NZ,1563762008,94,-35.17,173.16,64.99,13.98
194,Inhambane,86,MZ,1563762009,76,-23.87,35.38,55.01,2.98
195,Muros,75,ES,1563762011,100,42.77,-9.06,68.0,6.93
196,Shubarshi,10,KZ,1563762012,41,48.59,57.19,75.89,1.19
197,Waddan,0,LY,1563762013,78,29.16,16.14,67.97,7.58
198,Hasaki,75,JP,1563762014,94,35.73,140.83,73.4,6.93
199,Homer,75,US,1563762016,82,59.64,-151.54,73.99,9.17
200,Pokhara,52,NP,1563761728,79,28.21,83.99,64.37,3.15
201,Provideniya,90,RU,1563761680,100,64.42,-173.23,50.0,15.66
202,Almaznyy,0,RU,1563762019,88,48.03,40.04,66.2,7.56
203,Sangar,0,RU,1563762021,29,63.92,127.47,76.61,6.96
204,Murgab,0,TM,1563761794,37,37.5,61.97,82.4,9.17
205,Mosquera,75,CO,1563762023,72,4.71,-74.23,59.0,5.82
206,Sobolevo,65,RU,1563762024,86,54.43,31.9,57.35,5.01
207,Muheza,2,TZ,1563762026,92,-5.18,38.79,58.97,2.28
208,Juneau,40,US,1563762027,68,58.3,-134.42,66.2,9.17
209,Cayenne,100,GF,1563762028,100,4.94,-52.33,75.2,3.47
210,Port-Gentil,100,GA,1563762030,84,-0.72,8.78,75.89,15.75
211,Kruisfontein,0,ZA,1563761651,30,-34.0,24.73,51.59,12.75
212,Luderitz,0,NA,1563762032,65,-26.65,15.16,57.71,5.82
213,Kavieng,24,PG,1563762033,68,-2.57,150.8,83.81,5.55
214,Malanje,0,AO,1563762035,92,-9.54,16.35,54.83,2.68
215,Madimba,40,CM,1563762039,100,4.42,9.93,75.2,2.24
216,Padang,12,ID,1563762040,78,-0.92,100.36,80.75,6.35
217,Smithers,75,CA,1563762041,87,54.78,-127.17,57.2,8.05
218,Naze,85,NG,1563762043,98,5.43,7.07,72.29,4.23
219,Malibu,75,MX,1563762044,69,16.77,-93.16,80.6,11.41
220,Samarai,99,PG,1563762045,92,-10.62,150.67,74.99,7.94
221,Zacualtipan,100,MX,1563761789,95,20.65,-98.6,60.95,4.21
222,Cabo San Lucas,20,MX,1563761570,74,22.89,-109.91,84.0,5.82
223,Upata,100,VE,1563762049,88,8.02,-62.41,77.0,1.99
224,Saint-Joseph,0,FR,1563762050,88,43.56,6.97,75.0,4.7
225,Thaton,100,MM,1563762051,86,16.91,97.37,80.21,16.17
226,Prince Rupert,75,CA,1563762053,82,54.32,-130.32,62.6,3.36
227,Bambanglipuro,90,ID,1563762054,81,-7.95,110.28,76.07,14.07
228,Aswan,0,EG,1563762055,28,24.09,32.9,86.0,13.87
229,Trincomalee,100,LK,1563762056,68,8.58,81.23,81.29,9.46
230,Tadine,70,NC,1563762058,64,-21.55,167.88,68.51,17.43
231,Krasnokamensk,6,RU,1563762059,55,50.1,118.04,71.39,12.8
232,Butaritari,21,KI,1563761645,69,3.07,172.79,84.89,8.55
233,Surt,0,LY,1563761763,74,31.21,16.59,77.51,10.78
234,Villeta,0,PY,1563762062,50,-25.51,-57.57,77.0,17.22
235,Camopi,66,GF,1563762064,99,3.17,-52.33,69.77,1.97
236,Eagle Pass,1,MX,1563761942,36,28.71,-100.5,96.8,10.29
237,Bilma,0,NE,1563762066,40,18.69,12.92,85.43,11.03
238,Mae Tha,75,TH,1563762067,78,18.46,99.14,88.0,4.7
239,Bubaque,61,GW,1563762069,84,11.28,-15.83,79.67,13.98
240,Mount Gambier,64,AU,1563762071,62,-37.83,140.78,57.2,20.8
241,Ereymentau,100,KZ,1563762072,61,51.62,73.1,71.93,3.24
242,Barbastro,0,ES,1563762073,44,42.04,0.13,75.2,6.93
243,Chokurdakh,100,RU,1563762074,83,70.62,147.9,39.17,16.78
244,Kalemie,0,CD,1563762075,52,-5.95,29.2,61.31,3.36
245,Darovskoy,68,RU,1563762077,97,58.77,47.96,54.11,7.09
246,Tacna,90,PE,1563762078,82,-18.01,-70.25,60.8,6.93
247,Rio Gallegos,40,AR,1563762079,80,-51.62,-69.22,33.8,11.41
248,Klaksvik,100,FO,1563762080,93,62.23,-6.59,53.6,14.99
249,Port Shepstone,0,ZA,1563762082,18,-30.74,30.45,47.81,6.13
250,Beya,2,RU,1563762083,65,53.05,90.92,64.91,2.82
251,Sainte-Maxime,0,FR,1563762084,88,43.31,6.64,75.0,4.7
252,Bardsir,75,IR,1563762086,14,29.93,56.57,80.6,9.17
253,Xam Nua,100,LA,1563762087,54,20.42,104.04,82.37,4.63
254,Georgetown,40,GY,1563761871,78,6.8,-58.16,82.4,11.41
255,Longyearbyen,75,NO,1563762089,81,78.22,15.63,44.6,18.34
256,Kuvandyk,13,RU,1563762090,68,51.48,57.35,67.43,3.36
257,Shwebo,100,MM,1563762092,81,22.57,95.7,80.57,11.12
258,Takapau,0,NZ,1563762093,76,-40.02,176.35,53.01,2.64
259,Rypefjord,0,NO,1563762094,68,70.63,23.67,66.2,11.41
260,Turbat,12,PK,1563762095,69,26.0,63.05,81.11,0.78
261,Letterkenny,100,IE,1563762097,96,54.95,-7.73,61.13,12.64
262,Muisne,93,EC,1563762098,88,0.61,-80.02,73.73,18.5
263,Chepareria,91,KE,1563762099,73,1.32,35.2,66.35,2.15
264,Asyut,0,EG,1563762100,50,27.18,31.19,78.8,8.05
265,Yulara,0,AU,1563762102,29,-25.24,130.99,62.6,8.05
266,Yellandu,0,IN,1563762103,76,17.59,80.32,83.63,8.95
267,Saint-Francois,0,FR,1563762104,68,46.42,3.91,66.2,1.7
268,Tura,100,RU,1563762106,37,64.27,100.22,69.77,15.12
269,Hammonton,1,US,1563762110,62,39.64,-74.8,90.0,5.82
270,Hervey Bay,75,AU,1563762111,49,-25.3,152.85,78.01,5.82
271,Urusha,100,RU,1563762113,97,54.05,122.9,58.79,6.78
272,Salta,0,AR,1563762032,50,-24.79,-65.41,57.2,3.36
273,Tagusao,77,PH,1563762116,71,9.19,117.81,83.27,5.19
274,Burnie,84,AU,1563762117,70,-41.05,145.91,54.29,11.74
275,Churapcha,0,RU,1563762119,30,62.0,132.43,76.79,3.58
276,Coro,0,VE,1563762129,80,11.41,-69.67,78.77,24.38
277,Mehran,75,IR,1563762130,24,33.12,46.17,78.8,6.93
278,Ustka,6,PL,1563762132,84,54.58,16.86,62.39,14.92
279,Miramar,0,CR,1563762058,73,10.09,-84.73,75.2,9.17
280,Yakeshi,51,CN,1563762134,73,49.28,120.73,66.17,13.6
281,Teguise,90,ES,1563762135,78,29.06,-13.56,71.6,13.87
282,Nizhniy Tsasuchey,1,RU,1563762137,50,50.52,115.13,72.29,11.77
283,Torzhok,0,RU,1563762138,92,57.04,34.97,55.91,2.19
284,Luena,0,AO,1563762139,36,-11.78,19.91,47.81,2.28
285,Ilulissat,40,GL,1563762141,87,69.22,-51.1,46.4,2.24
286,Husavik,0,CA,1563762142,53,50.56,-96.99,66.0,5.99
287,Cidreira,56,BR,1563762144,83,-30.17,-50.22,63.11,7.18
288,Evensk,97,RU,1563762148,60,61.92,159.24,57.89,6.11
289,Wattegama,100,LK,1563762149,95,7.35,80.68,72.65,5.3
290,Hokitika,49,NZ,1563762151,76,-42.72,170.96,55.01,9.51
291,Mogadishu,19,SO,1563761900,77,2.04,45.34,74.09,14.41
292,Iqaluit,90,CA,1563762156,93,63.75,-68.52,42.8,10.29
293,Jamai,0,IN,1563762160,60,22.2,78.55,84.53,4.83
294,Chagoda,0,RU,1563762003,77,59.16,35.33,55.37,2.04
295,Bulawayo,77,ZW,1563762163,86,-20.16,28.59,44.93,8.97
296,Gibara,20,CU,1563762164,83,21.11,-76.13,80.6,8.05
297,Coalinga,75,US,1563762165,30,36.14,-120.36,96.8,5.82
298,Saint-Philippe,1,CA,1563761574,61,45.36,-73.48,77.0,2.04
299,Tacuarembo,18,UY,1563762168,82,-31.73,-55.98,65.99,13.82
300,Antofagasta,90,CL,1563762169,67,-23.65,-70.4,57.2,11.41
301,Guerrero Negro,0,MX,1563762170,88,27.97,-114.04,66.89,14.7
302,Quime,0,BO,1563762172,72,-16.98,-67.22,36.65,1.77
303,Novyy Nekouz,0,RU,1563762173,91,57.91,38.06,55.19,3.69
304,Port Lincoln,100,AU,1563762174,88,-34.72,135.86,56.63,31.59
305,Haljala,0,EE,1563762175,68,59.43,26.27,58.97,6.02
306,Marsa Matruh,0,EG,1563762177,78,31.35,27.25,75.2,5.82
307,Navalmoral de la Mata,0,ES,1563761884,39,39.89,-5.54,80.01,4.65
308,Sandominic,0,RO,1563762179,73,46.58,25.78,63.0,2.91
309,Manyana,0,AU,1563762180,34,-35.26,150.51,66.99,6.93
310,Huntsville,75,US,1563762133,78,34.73,-86.59,81.0,3.36
311,Ostrovnoy,24,RU,1563762183,66,68.05,39.51,56.45,3.09
312,Kargasok,98,RU,1563762184,52,59.06,80.87,65.27,4.03
313,Uarini,27,BR,1563762185,76,-2.98,-65.16,76.25,2.19
314,Khatanga,0,RU,1563762187,28,71.98,102.47,80.39,5.86
315,Labuhan,0,ID,1563762188,43,-2.54,115.51,87.95,2.84
316,Waitati,34,NZ,1563762189,90,-45.75,170.57,50.0,7.0
317,Srednekolymsk,100,RU,1563762191,91,67.46,153.71,38.99,10.56
318,Vangaindrano,0,MG,1563762192,80,-23.35,47.6,50.69,3.24
319,Kudahuvadhoo,100,MV,1563762193,78,2.67,72.89,82.73,14.05
320,Myitkyina,100,MM,1563762194,99,25.38,97.4,73.73,1.5
321,Kununurra,45,AU,1563762196,45,-15.77,128.74,82.4,5.82
322,Nurota,0,UZ,1563762197,22,40.56,65.69,86.0,11.41
323,Port Elizabeth,1,US,1563762102,83,39.31,-74.98,89.6,4.7
324,Meulaboh,88,ID,1563762199,70,4.14,96.13,80.39,6.62
325,Lima,90,PE,1563761941,87,-12.06,-77.04,60.8,10.29
326,Leningradskiy,100,RU,1563762202,98,69.38,178.42,36.29,14.92
327,Hohhot,40,CN,1563762203,88,40.81,111.65,68.0,2.24
328,Vihari,0,PK,1563762204,40,30.03,72.35,98.21,6.53
329,Brewster,20,US,1563762205,88,41.76,-70.08,84.2,11.43
330,Sokoto,100,NG,1563762207,64,13.06,5.24,81.29,10.31
331,Los Llanos de Aridane,90,ES,1563762208,73,28.66,-17.92,71.6,14.99
332,Sivaki,100,RU,1563762209,98,52.63,126.75,64.37,10.83
333,Pundaguitan,100,PH,1563762210,73,6.37,126.17,83.09,10.07
334,Mehamn,66,NO,1563762211,69,71.03,27.85,62.39,14.14
335,Skjervoy,83,NO,1563762213,72,70.03,20.97,58.61,5.73
336,Kroya,36,ID,1563762214,44,-6.5,108.06,88.85,6.08
337,Astaneh-ye Ashrafiyeh,40,IR,1563762218,88,37.26,49.94,73.4,3.85
338,Opatija,7,HR,1563762220,88,45.33,14.3,79.0,4.7
339,Hanmer Springs,21,NZ,1563762221,80,-42.52,172.83,45.83,3.51
340,Erzin,0,TR,1563762225,57,36.95,36.2,81.0,9.17
341,Yamada,75,JP,1563762226,88,36.58,137.08,82.4,4.7
342,Garissa,78,KE,1563762228,69,-0.46,39.64,71.39,15.05
343,Seoul,90,KR,1563762032,78,37.57,126.98,82.4,4.7
344,Buraydah,0,SA,1563762230,29,26.33,43.97,78.8,5.82
345,Korgen,100,NO,1563762231,76,66.08,13.83,60.01,3.36
346,Boden,83,SE,1563762232,82,65.83,21.69,59.0,2.46
347,Stephenville,90,CA,1563762234,88,48.55,-58.59,62.6,5.82
348,Komsomolskiy,100,RU,1563762236,69,67.55,63.78,58.61,14.36
349,Atasu,0,KZ,1563762237,63,48.68,71.64,71.93,21.0
350,Baruun-Urt,100,MN,1563762239,60,46.68,113.28,74.09,15.23
351,Tanakpur,0,IN,1563762240,61,29.07,80.11,89.03,3.2
352,Mount Isa,0,AU,1563762118,13,-20.73,139.49,78.8,8.05
353,Tete,40,MZ,1563762242,77,-16.16,33.59,64.4,9.17
354,Adrar,0,DZ,1563762247,16,27.87,-0.29,96.8,18.34
355,Malpe,75,IN,1563762248,94,13.35,74.72,73.4,4.7
356,Mtwara,20,TZ,1563762249,77,-10.28,40.18,68.0,18.34
357,Pacific Grove,20,US,1563762125,68,36.62,-121.92,75.99,6.93
358,Cherskiy,100,RU,1563762252,95,68.75,161.3,35.93,13.8
359,Aurillac,0,FR,1563762253,93,44.93,2.44,70.0,2.24
360,Oxbow,40,CA,1563762254,60,49.23,-102.17,71.6,6.93
361,Dzhebariki-Khaya,0,RU,1563762255,35,62.22,135.8,71.21,7.14
362,San Luis de Palenque,11,CO,1563762257,92,5.42,-71.73,72.65,2.53
363,Marsh Harbour,100,BS,1563762261,73,26.54,-77.06,84.35,11.12
364,Kuching,75,MY,1563762263,94,1.56,110.34,78.8,3.36
365,San Patricio,9,PY,1563762267,65,-26.98,-56.83,72.11,12.08
366,Marovoay,0,MG,1563762268,68,-16.11,46.64,68.0,8.05
367,Coquimbo,0,CL,1563762270,93,-29.95,-71.34,50.0,8.05
368,Otsuki,90,JP,1563762271,100,35.64,138.92,75.99,4.7
369,Linhares,100,BR,1563762274,96,-19.38,-40.06,63.47,2.3
370,Chinsali,0,ZM,1563762275,58,-10.55,32.07,55.19,12.44
371,Presidencia Roque Saenz Pena,3,AR,1563762276,52,-26.79,-60.44,78.23,11.56
372,Dunmore Town,10,BS,1563762278,75,25.5,-76.65,84.17,15.32
373,Lae,40,PG,1563762279,58,-6.72,146.98,84.2,11.41
374,Mpongwe,0,ZM,1563762281,75,-13.51,28.16,50.87,7.36
375,Boyolangu,20,ID,1563762283,62,-8.09,111.9,78.95,6.87
376,Hat Yai,40,TH,1563762293,88,7.0,100.46,86.0,1.83
377,Camacari,40,BR,1563762298,78,-12.7,-38.32,77.0,12.75
378,Auki,100,NG,1563762302,84,12.18,6.51,74.09,14.14
379,San Cristobal,24,HN,1563762303,80,14.68,-86.92,67.97,6.2
380,Vilhena,98,BR,1563762304,56,-12.74,-60.15,72.29,2.86
381,Kungurtug,0,RU,1563762306,39,50.6,97.53,68.51,4.07
382,Varca,75,IN,1563762307,94,15.22,73.92,78.8,6.93
383,Adre,94,TD,1563762308,70,13.47,22.2,73.19,9.48
384,Marathon,0,CA,1563762309,56,48.72,-86.38,56.09,5.93
385,Kilindoni,0,TZ,1563762311,71,-7.91,39.67,76.79,28.39
386,Apatou,88,SR,1563762312,99,5.16,-54.34,71.75,2.08
387,Sao Joao da Barra,0,BR,1563762313,94,-21.64,-41.05,63.11,4.21
388,Ciudad Bolivar,59,VE,1563762314,76,8.12,-63.55,78.95,8.88
389,Port Moresby,40,PG,1563762316,74,-9.47,147.16,82.4,11.41
390,Touros,40,BR,1563762127,100,-5.2,-35.46,71.6,3.36
391,Wanaka,33,NZ,1563762318,69,-44.7,169.14,55.0,1.01
392,Talnakh,0,RU,1563762319,38,69.49,88.39,73.4,6.71
393,Trairi,0,BR,1563762321,88,-3.28,-39.27,70.31,4.18
394,Abha,0,SA,1563762322,20,18.22,42.5,71.6,3.27
395,Fort-Shevchenko,88,KZ,1563762324,49,44.51,50.26,84.53,18.66
396,Coracora,6,PE,1563762325,50,-15.02,-73.78,44.75,1.59
397,Kandi,18,BJ,1563762326,88,11.13,2.93,74.09,5.32
398,Ocampo,59,MX,1563762327,45,27.32,-102.4,76.97,10.29
399,Praya,40,ID,1563762329,69,-8.71,116.27,78.8,12.75
400,Te Anau,100,NZ,1563762330,76,-45.41,167.72,49.43,3.29
401,Salinopolis,8,BR,1563762331,80,-0.61,-47.36,80.75,15.95
402,Sinop,19,TR,1563762336,62,42.03,35.15,72.47,14.81
403,Concordia,100,AR,1563762337,55,-31.4,-58.02,75.99,11.01
404,Blackwater,70,GB,1563762149,82,51.33,-0.78,64.0,11.41
405,Belaya Gora,100,RU,1563762339,90,68.54,146.19,40.07,19.22
406,Sal Rei,40,CV,1563762344,88,16.18,-22.92,75.2,5.82
407,Preobrazheniye,100,RU,1563762345,99,42.9,133.91,65.09,3.89
408,Koupela,100,BF,1563762346,72,12.18,-0.35,78.59,10.87
409,Dalvik,0,SE,1563762348,87,57.79,14.13,57.2,9.17
410,Altar,33,MX,1563762349,60,30.72,-111.84,86.0,8.99
411,Saint-Ambroise,75,CA,1563762350,82,48.56,-71.32,66.0,6.93
412,San Miguel,0,AR,1563762351,50,-34.54,-58.72,57.2,11.41
413,Cockburn Town,0,TC,1563762353,79,21.46,-71.14,82.91,19.77
414,Aklavik,90,CA,1563762354,67,68.22,-135.01,62.6,3.36
415,Haifa,20,IL,1563762355,74,32.82,35.0,80.6,3.36
416,Pandan,78,PH,1563762356,70,11.72,122.09,84.53,6.71
417,Egvekinot,100,RU,1563762358,96,66.32,-179.17,43.13,14.47
418,Skibbereen,90,IE,1563762359,100,51.55,-9.27,62.6,12.75
419,Severodvinsk,0,RU,1563762360,87,64.56,39.82,48.2,4.25
420,Nanortalik,93,GL,1563762362,94,60.14,-45.24,38.45,0.45
421,Agadez,1,NE,1563762363,83,16.97,7.99,77.0,6.4
422,Lichuan,100,CN,1563762368,59,30.3,108.94,86.87,3.13
423,Toamasina,75,MG,1563762370,88,-18.17,49.38,69.8,11.41
424,Abbotsford,1,CA,1563762332,37,49.05,-122.33,87.8,5.82
425,Kavaratti,99,IN,1563762372,76,10.57,72.64,82.55,23.35
426,General Roca,0,AR,1563762373,56,-39.03,-67.58,44.6,5.82
427,Lavrentiya,58,RU,1563762375,80,65.58,-170.99,52.31,15.57
428,Kendari,4,ID,1563762376,51,-3.99,122.52,83.81,3.89
429,Mangan,100,IN,1563762377,92,27.5,88.54,60.95,3.22
430,Tabuk,100,PH,1563762378,75,17.41,121.44,77.51,3.24
431,Jiangyou,100,CN,1563762380,98,31.78,104.73,66.53,2.84
432,Kieta,100,PG,1563762381,92,-6.22,155.63,77.87,17.25
433,Kazerun,0,IR,1563762382,14,29.62,51.65,89.57,4.47
434,Geraldton,20,CA,1563762384,58,49.72,-86.95,59.0,6.93
435,Pavelets,0,RU,1563762385,96,53.79,39.25,54.0,2.86
436,Nouadhibou,0,MR,1563762162,83,20.93,-17.03,69.8,16.11
437,Svetlogorsk,20,RU,1563762387,68,53.14,59.15,66.2,6.71
438,Makakilo City,40,US,1563762389,51,21.35,-158.09,87.8,14.99
439,Lensk,0,RU,1563762390,34,60.71,114.91,72.65,11.65
440,Hami,100,CN,1563762391,24,42.84,93.51,80.03,4.32
441,Beyneu,67,KZ,1563762392,21,45.32,55.19,85.79,12.77
442,Porto Novo,0,BR,1563762394,82,-23.68,-45.44,60.8,4.7
443,Sarany,100,RU,1563762395,93,58.55,58.76,59.69,3.18
444,Banda Aceh,87,ID,1563762303,69,5.56,95.32,83.81,14.16
445,Beringovskiy,100,RU,1563762397,85,63.05,179.32,48.71,11.83
446,Beira,75,ES,1563762399,100,43.2,-8.36,68.0,6.93
447,Chau Doc,95,VN,1563762400,63,10.71,105.12,87.77,5.28
448,Zhigansk,0,RU,1563762401,30,66.77,123.37,65.09,16.89
449,Biak,0,ID,1563762403,66,-0.91,122.88,72.65,5.64
450,Tecoanapa,90,MX,1563762404,74,16.99,-99.26,86.0,11.41
451,Mackay,20,CA,1563762111,50,53.65,-115.58,75.2,17.22
452,Tias,90,ES,1563762406,78,28.96,-13.65,71.6,14.99
453,San-Pedro,87,CI,1563762408,96,4.75,-6.64,71.93,3.62
454,Bichura,100,RU,1563762409,63,50.59,107.6,69.77,8.14
455,Jacareacanga,4,BR,1563762410,59,-6.22,-57.76,75.89,1.9
456,Kahului,40,US,1563762411,62,20.89,-156.47,86.0,24.16
457,Bereznik,48,RU,1563762413,79,62.86,42.71,54.11,5.61
458,Adaufe,0,PT,1563762417,100,40.89,-8.24,66.99,4.7
459,Mana,100,NG,1563762418,64,13.03,5.27,81.29,10.31
460,Vila Velha,20,BR,1563762423,69,-3.71,-38.6,80.6,9.17
461,Samarinda,92,ID,1563762427,76,-0.5,117.14,81.29,3.98
462,Ugoofaaru,100,MV,1563762428,79,5.67,73.0,82.55,16.44
463,Sabzevar,0,IR,1563762429,28,36.21,57.68,81.11,2.93
464,Elizabethton,75,US,1563762431,88,36.35,-82.21,78.01,3.06
465,Balikpapan,93,ID,1563762432,75,-1.24,116.86,78.59,3.67
466,Canico,20,PT,1563762433,68,32.63,-16.85,69.8,13.87
467,Santa Rosa,78,AR,1563762434,30,-36.62,-64.29,49.97,11.61
468,Yarmouth,5,CA,1563762436,100,43.84,-66.12,64.0,6.93
469,Araouane,78,ML,1563762437,34,18.9,-3.53,94.43,9.82
470,Imbituba,40,BR,1563762438,88,-28.24,-48.67,66.2,11.41
471,Nome,1,US,1563762177,83,30.04,-94.42,84.0,4.7
472,Sitka,2,US,1563762441,60,37.17,-99.65,82.0,1.01
473,Synya,100,RU,1563762442,95,65.37,58.04,53.93,9.66
474,Krasnoarmeysk,0,RU,1563762443,93,56.12,38.15,62.01,4.47
475,Sola,24,TZ,1563762445,62,-3.17,33.8,65.63,11.07
476,Pedernales,75,EC,1563762446,89,0.07,-80.05,72.65,19.6
477,Roebourne,0,AU,1563762447,13,-20.77,117.15,77.87,17.18
478,Fare,3,PF,1563762449,80,-16.7,-151.02,77.87,19.46
479,Sisimiut,62,GL,1563762450,95,66.94,-53.67,42.59,4.56
480,Grand-Santi,100,GF,1563762451,99,4.27,-54.38,71.57,1.48
481,Zhanaozen,19,KZ,1563762453,22,43.35,52.85,87.59,19.33
482,Suhbaatar,100,MN,1563762454,83,50.23,106.21,62.57,4.34
483,Luanda,100,AO,1563762455,94,-8.83,13.24,68.0,2.24
484,Taltal,100,CL,1563762456,87,-25.41,-70.49,50.69,1.52
485,Turukhansk,67,RU,1563762458,41,65.8,87.96,73.73,5.17
486,Semme,0,FR,1563762467,56,46.2,1.5,68.0,2.24
487,Sao Miguel do Araguaia,48,BR,1563762468,54,-13.28,-50.16,68.69,3.83
488,Port Hardy,20,CA,1563762472,60,50.7,-127.42,68.0,11.41
489,Vincennes,0,FR,1563762474,72,48.85,2.44,64.4,3.36
490,Casas Grandes,69,MX,1563762475,77,30.15,-110.24,71.39,15.46
491,Bogorodskoye,100,RU,1563762476,86,52.37,140.44,63.83,4.14
492,Jardim,0,BR,1563762477,37,-21.48,-56.15,73.55,14.16
493,Langsa,57,ID,1563762479,56,4.47,97.97,82.01,2.8
494,Margate,75,AU,1563762480,54,-43.03,147.26,63.0,20.8
495,Patacamaya,24,BO,1563762481,39,-17.23,-67.92,42.59,9.57
496,Dalbandin,79,PK,1563762483,47,28.9,64.41,84.71,3.56
497,Buala,100,SB,1563762484,73,-8.15,159.59,82.55,12.21
498,Cabra,0,ES,1563762485,61,37.47,-4.43,78.8,5.82
499,Sawtell,0,AU,1563762275,35,-30.38,153.1,73.4,4.7
500,Enfield,75,IE,1563762438,88,53.41,-6.83,68.0,19.46
501,Arinos,23,BR,1563762492,75,-15.92,-46.11,59.33,3.49
502,Kiama,0,AU,1563762493,32,-34.67,150.86,68.0,4.7
503,Aleksandrov Gay,100,RU,1563762494,58,50.14,48.57,73.37,3.91
504,Zyryanka,96,RU,1563762496,70,65.73,150.89,42.77,25.59
505,Sampit,33,ID,1563762497,57,-2.54,112.95,86.87,4.76
506,Iaciara,4,BR,1563762498,63,-14.1,-46.63,64.19,2.35
507,Leshukonskoye,78,RU,1563762499,82,64.9,45.76,52.13,6.85
508,Arlit,41,NE,1563762501,27,18.74,7.39,93.53,1.07
509,Shellbrook,20,CA,1563762502,68,53.22,-106.39,71.6,5.82
510,Nikolayevsk-na-amure,100,RU,1563762503,99,53.14,140.72,53.03,3.06
511,Horadiz,75,AZ,1563762505,94,39.45,47.33,71.6,2.24
512,Falam,100,MM,1563762506,97,22.91,93.68,67.43,1.07
513,Itoman,75,JP,1563762507,70,26.12,127.67,87.8,11.41
514,Aguimes,75,ES,1563762508,68,27.91,-15.45,71.6,26.4
515,Chubbuck,1,US,1563762510,14,42.93,-112.47,89.6,3.36
516,Yicheng,100,CN,1563762514,59,31.71,112.27,92.45,6.17
517,Srandakan,90,ID,1563762515,81,-7.94,110.25,76.07,14.07
518,Lotofaga,4,WS,1563762517,94,-13.98,-171.86,77.0,3.0
519,Viru,0,EE,1563762518,87,57.74,26.74,57.99,2.24
520,Sao Jose da Coroa Grande,38,BR,1563762519,96,-8.9,-35.15,68.87,4.65
521,Vanimo,99,PG,1563762521,71,-2.67,141.3,82.91,4.5
522,Talara,0,PE,1563762522,90,-4.58,-81.27,64.73,16.78
523,Broome,99,GB,1563762523,82,52.47,1.45,63.0,10.29
524,Acari,0,BR,1563762524,73,-6.44,-36.64,71.21,14.14
525,Ancud,40,CL,1563762526,100,-41.87,-73.83,35.6,4.7
526,Lakatoro,41,VU,1563762527,64,-16.11,167.42,75.35,8.86
527,Nienburg,0,DE,1563762528,82,51.84,11.77,61.0,4.7
528,San Quintin,100,PH,1563762529,72,17.54,120.52,85.25,5.95
529,Mitu,0,IR,1563762531,28,36.2,46.09,71.39,0.63
530,San Carlos de Bariloche,75,AR,1563762533,86,-41.13,-71.31,33.8,9.17
531,Winnemucca,1,US,1563762534,14,40.97,-117.74,93.2,5.82
532,Demidov,21,RU,1563762543,90,55.27,31.52,56.81,2.86
533,Biltine,83,TD,1563762547,51,14.53,20.93,79.85,4.83
534,Senanga,0,ZM,1563762549,25,-16.1,23.3,47.81,5.12
535,Karwar,94,IN,1563762550,87,14.8,74.13,79.13,10.18
536,Guerrero,0,AR,1563762551,62,-24.19,-65.45,53.6,6.93
537,Lata,0,IN,1563762552,73,30.78,78.62,50.15,5.23
538,Kirovskiy,100,RU,1563762554,73,45.09,133.51,78.05,13.67
539,Gazli,0,UZ,1563762555,19,40.13,63.45,86.33,18.37
540,Dingle,9,PH,1563762556,70,11.0,122.67,85.61,4.36
541,Demirci,0,TR,1563762557,55,39.05,28.66,59.51,8.99
542,La Ronge,5,CA,1563762559,49,55.1,-105.3,73.4,3.36
543,Micheweni,31,TZ,1563762560,72,-4.97,39.83,78.41,24.16
544,Novoagansk,0,RU,1563762561,37,61.94,76.66,72.29,5.14
545,Kaka,0,TM,1563762562,18,37.35,59.62,90.11,6.58
546,Temir,0,KZ,1563762564,46,49.14,57.13,74.09,6.02
547,Grenfell,0,AU,1563762565,59,-33.9,148.16,62.21,8.93
548,Brae,100,GB,1563762566,93,60.4,-1.35,57.2,18.34
549,Waingapu,99,ID,1563762567,54,-9.65,120.26,81.29,14.2
550,Valparaiso,75,US,1563762501,73,41.47,-87.06,73.99,4.7
551,Staryy Nadym,100,RU,1563762570,71,65.61,72.68,65.81,7.87
552,Aksu,75,KZ,1563762496,83,52.04,76.93,69.8,6.71
553,Novyy Yarychiv,75,UA,1563762573,100,49.9,24.31,62.6,6.71
554,Puerto Quijarro,100,BO,1563762574,38,-19.0,-57.72,81.47,10.36
555,Shingu,75,JP,1563762576,88,33.72,135.99,80.6,9.17
556,Yekaterinogradskaya,90,RU,1563762577,83,43.76,44.23,69.8,2.24
557,Sibolga,92,ID,1563762578,78,1.74,98.78,80.03,6.46
558,Canutama,27,BR,1563762580,69,-6.53,-64.38,75.71,1.39
559,Tucupita,100,VE,1563762581,94,9.06,-62.05,74.63,4.05
560,Noumea,75,NC,1563762590,53,-22.28,166.46,71.6,17.22
561,San Francisco,91,CO,1563762591,97,1.17,-76.88,47.99,3.0
562,Paamiut,18,GL,1563762592,93,61.99,-49.67,41.33,16.49
563,Crotone,0,IT,1563762594,49,39.09,17.12,72.29,3.65
564,Qandala,62,SO,1563762595,50,11.47,49.87,89.39,25.1
